text,category,sentiment,priority,summary
Hi I lost my card ending in 4412 somewhere between the airport and my hotel in Miami. Can you cancel it immediately? I'm freaking out,lost_stolen_card,negative,high,Customer lost card ending in 4412 and requests immediate cancellation.
My card got stolen in Mexico City yesterday. Please block it ASAP before someone uses it. What do I do now??,lost_stolen_card,negative,high,Customer's card stolen in Mexico City; requests immediate block and next steps.
lost card ending 7834 in Denver. need replacement sent to my home address in Boston ASAP,lost_stolen_card,negative,high,"Customer lost card ending in 7834, needs replacement shipped to Boston."
I cannot find my debit card ending in 2156. I was in Las Vegas for the conference and last used it at the casino bar. Please deactivate it right now because I'm worried someone will try to use it,lost_stolen_card,negative,high,Customer lost debit card ending in 2156 and requests immediate deactivation.
card ending 5523 - lost it. traveling in Europe right now so cannot go to branch. what happens now,lost_stolen_card,negative,high,Customer lost card ending 5523 while traveling in Europe and needs immediate assistance.
My credit card ending in 9041 was stolen from my rental car in Phoenix. I already called police and filed report. Can you block it and send me a new one to my address?,lost_stolen_card,negative,high,Card ending in 9041 stolen from rental car. Request card block and replacement.
stole card ending in 3388. I am in Orlando visiting family. no idea where it went. help,lost_stolen_card,negative,high,Card ending in 3388 lost or stolen while traveling in Orlando.
Lost my card ending 6754 at the airport in Chicago. Flying back home tomorrow to California. Can I get expedited replacement or should I do something else?,lost_stolen_card,negative,high,"Customer lost card ending 6754 at airport, needs expedited replacement."
"Hi there, my card ending in 1029 disappeared during my trip to New Orleans. I checked everywhere - my room, the restaurant, the bar - nothing. Please cancel it. When can I get a new one?",lost_stolen_card,negative,high,Card ending in 1029 lost during travel. Customer requests cancellation and replacement.
I think my card ending in 4567 was stolen in San Francisco. I noticed I didn't have it when I got back to my hotel. I'm still here for 3 more days. What should I do?,lost_stolen_card,negative,high,Card ending in 4567 lost in San Francisco; customer needs immediate replacement.
My card ending 8821 lost in Puerto Rico. I am still here for one week. Do you send replacement cards abroad or must I wait until I return to USA,lost_stolen_card,negative,high,"Customer lost card in Puerto Rico, needs replacement while abroad."
URGENT: card ending in 5634 stolen from my purse in New York City. Someone already tried to use it at Best Buy for $400!!! I declined the charge but please freeze everything,lost_stolen_card,negative,high,Card ending in 5634 stolen; unauthorized charge attempted; needs immediate freeze.
lost card ending 2910. currently in Austin for work. need replacement card as soon as possible. can it be sent to my hotel,lost_stolen_card,negative,high,"Customer lost card ending in 2910, needs replacement sent to hotel immediately."
My debit card ending in 7645 got lost somewhere in Denver. I'm not sure if it was at the rental car place or the restaurant. Either way I need a new one and I need it fast because I'm still traveling,lost_stolen_card,negative,high,Customer lost debit card ending in 7645 while traveling and needs replacement urgently.
card ending 3341 stolen by pickpocket in Miami Beach. can you cancel it and tell me if anyone used it yet,lost_stolen_card,negative,high,Customer reports the card stolen and requests immediate cancellation and fraud check.
I lost my card ending in 6128 at baggage claim in Atlanta. I'm traveling to Seattle tomorrow so I won't be home. How quickly can you get me a replacement and can I pick one up at a branch near my hotel,lost_stolen_card,negative,high,Customer lost card ending in 6128 while traveling; needs urgent replacement in Seattle.
My card ending 9876 dissapeared in Las Vegas. I think I left it at a casino but when I called they said they didn't have it. Can you block it please and also tell me how much it will cost to replace it,lost_stolen_card,negative,high,"Card ending in XXXX lost in Las Vegas, needs immediate blocking and replacement."
lost card ending 4401 in San Diego. i'm here on business trip til Friday. can I get temporary card or should I use my backup,lost_stolen_card,neutral,high,"Customer lost card ending in 4401 during business trip, needs temporary card solution."
Hi my card ending in 5512 was stolen from my car in New Orleans and I am very angry about this. Please freeze it immediately. Also I want to know if I am liable for any charges they make,lost_stolen_card,negative,high,Card ending in 5512 stolen; request immediate freeze and liability information.
Card ending 8834 lost it traveling in Hawaii. Currently in Honolulu until next week. Waht are my options for getting cash or new card,lost_stolen_card,negative,high,"Customer lost card in Hawaii, needs cash access and replacement card urgently."
I lost my card ending in 2847 at a restaurant in Boston yesterday. Please block it immediately.,lost_stolen_card,negative,high,Customer lost the card ending in 2847 and needs immediate blocking.
my card got stolen from my purse at the mall. the card ending in 5612. i need new one asap,lost_stolen_card,negative,high,Customer's card ending in 5612 was stolen. Needs replacement immediately.
Someone stole my card ending in 8934 at the food court in the shopping center. I already saw a charge for $47.99 that I didn't make. What do I do??,lost_stolen_card,negative,high,Card ending in XXXX stolen with unauthorized charge of $47.99.
Lost card ending 1203 at university campus. Not sure where exactly. Should I cancel it or what,lost_stolen_card,negative,high,"Customer lost card ending 1203 at university campus, needs guidance on next steps."
"Hi, I think I left my card (ends in 7521) at a restaurant last night in Philadelphia. I haven't seen any fraudulent charges yet but I'm worried. Can you please deactivate it?",lost_stolen_card,negative,high,Customer lost card ending in 7521 and requests immediate deactivation.
Card ending in 4456 was stolen out of my backpack at my college. There's already two unauthorized charges. I am so frustrated right now.,lost_stolen_card,negative,high,Card ending in 4456 stolen with unauthorized charges already made.
lost the card ending in 9182 at the mall food court yesterday afternoon do i need to file police report or something,lost_stolen_card,negative,high,Customer lost the card ending in 9182 at mall food court yesterday.
My card ending in 6739 disappeared from my wallet at the shopping mall. I'm not even sure which store it happened in. Please tell me you can stop any charges right now.,lost_stolen_card,negative,high,Card ending in 6739 lost at shopping mall; customer requests immediate charge prevention.
I believe my card ending in 3345 was stolen at the university dining hall. There are no fraudulent charges yet that I can see. Should I still file a report?,lost_stolen_card,negative,high,Card ending in 3345 was stolen; customer seeks guidance on reporting.
CARD STOLEN!!! Card ending in 7854 taken from my gym bag at the mall. I see $200 in charges I didn't authorize. FIX THIS NOW,lost_stolen_card,negative,high,Card ending in 7854 stolen with $200 in unauthorized charges.
Lost card ending 5028 at restaurant in Atlanta on the 15th. I've checked my account and everything looks okay so far. Do I need to open a claim or something?,lost_stolen_card,neutral,high,Lost card ending 5028 at restaurant; needs replacement and fraud monitoring.
my son lost his card ending in 2671 at the university campus bookstore. we found out about 2 hours later. is the card already blocked or do we have to do something?,lost_stolen_card,negative,high,Son lost card ending in 2671; needs immediate confirmation of block status.
Card ending in 8403 stolen from coat pocket at the mall. There is charge for $89.50 at some store I don't recognize. Also there's charge for $12 somewhere else. Are these fraudulent?,lost_stolen_card,negative,high,Card stolen; two unauthorized charges totaling $101.50 need investigation.
"Hi I lost my card ending in 4912 at a restaurant and I'm not entirely sure when, could have been yesterday or the day before. I haven't noticed anything weird on my account yet but I want to be safe.",lost_stolen_card,neutral,high,Customer lost card ending in 4912 and needs immediate replacement for security.
stolen card ending in 1567 at shopping center. need replacement card shipped to my address. how long does that take and is there a fee,lost_stolen_card,negative,high,Customer reports card ending in XXXX stolen; requests replacement shipping timeline and fees.
My card ending in 9341 went missing at the campus rec center. I'm a student and I don't have much money so I'm really stressed about this. Can you help?,lost_stolen_card,negative,high,Card ending in 9341 lost at campus rec center; customer concerned about unauthorized use.
Card ending 6284 lost at restaurant in Chicago. Also I wanted to ask if my annual fee will still be charged even if the card is cancelled? And how much does a replacement cost?,lost_stolen_card,negative,high,Lost card ending in 6284 at restaurant; needs immediate replacement.
i lost card ending in 7715 at the mall or maybe at the restaurant nearby not sure and also i want to know if you can see where my card was last used,lost_stolen_card,negative,high,Customer lost card ending in 7715 and needs it deactivated immediately.
Someone must have taken my card ending in 5493 from the university library. I didn't notice until I tried to pay for lunch. There's a charge for $34.99 at a gas station. I want dispute this charge but I also need new card immediately.,lost_stolen_card,negative,high,Card ending in 5493 lost at library; unauthorized charge needs dispute and replacement card needed immediately.
Lost card ending in 2206 at the food court in the shopping mall. I am very calm about this situation. Please cancel it and send me a new one to my address on file. Thank you.,lost_stolen_card,neutral,high,Cancel card ending in 2206 and send replacement to address on file.
why am i being charged $25 for a replacement card??? i didnt lose it i just want a new one,general_inquiry,negative,low,Customer questions $25 replacement card fee for non-lost card.
"Hello, I received my statement and noticed a $15 charge for expedited shipping on my replacement card. I never asked for expedited shipping, can this be reversed?",charge_dispute,negative,medium,Customer disputes $15 expedited shipping charge on replacement card.
the replacement card fee is ridiculous honestly,general_inquiry,negative,low,Customer complaints about replacement card fee being too high.
i ordered a new card and they charged me $8.99 for expedited delivery but i never selected that option during checkout,charge_dispute,negative,medium,Customer disputes unexpected $8.99 expedited delivery charge on card order.
"Hi there, my account shows I was charged for both standard replacement AND expedited replacement of the same card ending in 7823. Can you explain why I was charged twice?",charge_dispute,negative,high,Customer charged twice for card replacements on card ending in 7823.
is there a fee for getting a replacement card or not because your website says free but my bill shows $12,charge_dispute,negative,medium,Customer charged $12 for replacement card despite website stating no fee.
"Can I get a refund for the expedited shipping fee? I didn't realize it would cost extra, I just needed my card quickly because mine got damaged",general_inquiry,neutral,low,Request refund for expedited shipping fee on replacement card.
why does it cost money to replace a card that YOUR company issued,general_inquiry,negative,low,Customer questions why card replacement incurs a fee.
Charged $20 for replacement card and I'm not happy about it. Other banks don't do this.,charge_dispute,negative,medium,Customer disputes $20 replacement card fee and wants it refunded.
hello i am new to this bank and i request the replacement card but then system ask me to pay for shipping is this normal in america,general_inquiry,neutral,low,New customer asking if replacement card shipping fees are normal in the US.
"Got my new card yesterday and there's a $10.95 charge on my statement for it. I thought replacement cards were free, this is confusing",charge_dispute,neutral,low,Customer questions unexpected $10.95 charge for replacement card.
literally just need to know if replacing a card costs anything before i do it,general_inquiry,neutral,low,Customer asking if card replacement incurs any fees.
"the expedited shipping fee of $14.99 seems excessive when standard shipping is free, why such a big difference",general_inquiry,negative,low,Customer questions why expedited shipping costs $14.99 versus free standard shipping.
I requested a replacement card because mine expired and got hit with a $7.50 fee that wasnt explained to me beforehand this seems unfair,charge_dispute,negative,medium,Customer disputes unexpected $7.50 fee for replacement card.
Can you please explain the $25 replacement card charge and expedited fee breakdown on my statement for card ending 4412? I don't understand why both charges are there.,charge_dispute,neutral,medium,Customer questions $25 replacement card charge and expedited fee on statement.
STOP CHARGING ME FOR REPLACEMENT CARDS. THIS IS THE SECOND TIME THIS MONTH,charge_dispute,negative,high,Customer disputes repeated replacement card charges this month.
i want to replace my card but your website is showing two different prices for expedited shipping $12 vs $9.99 which one is correct,general_inquiry,neutral,low,Customer needs clarification on conflicting expedited shipping prices shown online.
"My husband ordered an expedited replacement and I'm seeing a $18 charge but he said he paid $14 last year, did the price go up",charge_dispute,neutral,low,Customer questions $18 expedited replacement charge versus $14 paid previously.
Do you charge for replacement cards or is that complimentary? Want to know before I proceed with anything,general_inquiry,neutral,low,Customer asking about replacement card fees before proceeding.
just got charged $16.50 for expedited card replacement but the card hasnt even arrived yet and its been 5 days is this normal or should i contact you,charge_dispute,negative,medium,Customer charged for expedited card replacement but card not yet received after five days.
I reported my card stolen this morning and now I can't log into my account at all. What's going on??? I need access to check my balance,account_locked,negative,high,Customer cannot access account after reporting card stolen this morning.
"Card ending in 2847 was stolen, I called it in around 9am. Now when I try to login it says my account is locked. Can someone unlock it please?",lost_stolen_card,negative,high,"Card stolen and reported; account now locked, needs unlock."
just told u my card got stolen and now ur system wont let me in. this is ridiculous,account_locked,negative,high,Customer cannot access account after reporting stolen card.
"I lost my card yesterday and reported it, but now my account is frozen and I can't see my statements or anything. How long will this last?",lost_stolen_card,negative,high,Account frozen after reporting lost card; customer unable to access statements.
"After reporting card ending 5621 lost, account locked. Cannot access. Why is this happening? I still need to pay bills.",account_locked,negative,high,Account locked after reporting card lost; customer needs access to pay bills.
So I called about my stolen card this morning and now my whole account is locked out. How am I supposed to do anything? When can I access it again?,account_locked,negative,high,Customer's account locked after reporting stolen card; needs access restored.
"Card lost, account frozen. Not happy about this. Need unlocked ASAP.",lost_stolen_card,negative,high,"Customer lost card and account is frozen, needs immediate access."
I reported the card ending in 8934 stolen around noon and then tried to login a few minutes ago and it wont let me. Is the account supposed to be locked when you report fraud?,account_locked,negative,high,Account locked after reporting card stolen; needs access clarification.
my card was stole and now i cannot access my account the app keep say locked account what i do,account_locked,negative,high,Customer's card was stolen and account is locked; needs immediate access restoration.
"Reported card lost this morning, account locked now, very frustrated, need help immediately",lost_stolen_card,negative,high,Customer reported card lost and needs immediate assistance with locked account.
Card ending in 1456 - I called to say it was stolen and within an hour my whole account got locked. Can you explain why? And how do I unlock it?,account_locked,negative,high,Account locked after reporting stolen card; needs unlock explanation.
"reported stolen card, account locked. how long? need to use account for bills",lost_stolen_card,negative,high,Customer needs stolen card replaced and account unlocked to pay bills.
I'm locked out after I reported my card missing. Is this normal??? Super annoying because I need to check things,account_locked,negative,high,"Customer locked out of account after reporting card missing, needs access."
Called about stolen card ending in 7203 at like 8am this morning and now the account is completely locked. I don't understand why you're locking me out when I'm the one who reported the problem.,account_locked,negative,high,Account locked after reporting stolen card; customer unable to access funds.
"Card stolen yesterday, called your fraud line, now account locked and can't login. Is this intentional or a glitch? Need this resolved today.",lost_stolen_card,negative,high,"Card stolen, account locked after fraud report, customer needs immediate access."
locked out of account after reporting card stolen this is the worst customer service ever,account_locked,negative,high,Customer locked out of account after reporting card stolen.
"I lose my card and reported it, but now the system not letting me in the account. This is confusing, is the account locked or my card locked or both? How I check my transactions?",account_locked,negative,high,Customer cannot access account after reporting lost card; needs clarity on account status.
"Reported card ending in 4412 stolen this afternoon, tried to access account 2 hours later and it's locked. When will you unlock it? I have bills to pay.",account_locked,negative,high,Account locked after reporting stolen card; needs immediate access to pay bills.
"card lost, account frozen now, what do i do cant access anything",lost_stolen_card,negative,high,Customer lost card and cannot access account or funds.
"After calling to report my card stolen, my account got locked. I understand you're trying to protect me but I need to be able to access my account to manage my finances. When can I login again?",account_locked,negative,high,Customer needs account access restored after theft report lockdown.
"Hi, I closed my account like 2 years ago and now I need it back. Can you reopen it?",account_reactivation,neutral,medium,Customer requests reactivation of account closed two years ago.
My card ending in 7823 was paused for inactivity and I cant use it anymore please help,account_reactivation,negative,high,Customer needs to reactivate card ending in XXXX that was paused for inactivity.
I would like to reactivate my account. I closed it back in 2019 but now I need a card again. Is this possible?,account_reactivation,neutral,medium,Customer requests reactivation of account closed in 2019.
why is my account frozen??? i just need to use my card,account_locked,negative,high,Customer cannot access their account and needs immediate card access.
Hello I am having problem. I stop using card 6 month ago and now account is closed. Can I open again please?,account_reactivation,neutral,medium,Customer requests to reactivate closed account after six months of inactivity.
can u turn my account back on,account_reactivation,neutral,medium,Customer requests to reactivate their account.
I need to reactivate the account ending in 2156. I paused it last year but want to start using it again. What do I need to do?,account_reactivation,neutral,medium,Customer wants to reactivate paused account ending in 2156.
My account got closed after I didnt use it for a while and now im trying to log in but it wont let me im so frustrated,account_reactivation,negative,medium,Customer needs to reactivate closed account due to inactivity.
Is there a way to restore closed account or do I need to apply for new one??? would really appreciate any help thank u,account_reactivation,negative,medium,Customer requests help restoring closed account or guidance on reapplying.
Reactivate account please.,account_reactivation,neutral,medium,Customer requests account reactivation.
I closed my account on purpose because I wasn't using it but now my situation changed and I want to use it again. Can you reopen it or do I need to apply from scratch?,account_reactivation,neutral,medium,Customer requests reactivation of previously closed account.
"my card ending in 5491 - account was paused, how long does it take to reactive",account_reactivation,neutral,medium,Customer wants to know reactivation timeline for paused card account.
I'm calling about my closed account. I closed it myself but I regret it and want it back. I hope this is not too much trouble.,account_reactivation,neutral,medium,Customer wants to reactivate a previously closed account.
account paused since march need it active asap for bills,account_reactivation,negative,high,Customer needs paused account reactivated immediately to pay bills.
"Hello, I am writing to ask if you can help me. I have closed my account some years ago and now I would like to use credit card again. What are the steps please?",account_reactivation,neutral,low,Customer requests steps to reactivate closed credit card account.
Why did u close my account?? I never asked for that and now I can't access anything,account_locked,negative,high,Customer's account was closed without request and cannot access funds.
Can I reactivate the card ending in 8934? Just realized I need it again.,account_reactivation,neutral,low,Customer requests reactivation of deactivated card ending in 8934.
i paused my account when i was paying off debt but thats done now and i want to start using it can you help me,account_reactivation,positive,medium,Customer wants to reactivate paused account after debt payoff.
Do you have to apply all over again if your account was closed or can you just turn it back on??? my old account ended in 3305,account_reactivation,neutral,medium,Customer inquires about reactivating a closed account ending in 3305.
I am unable access my account because it was closed. Please reactivate immediately. This is unacceptable.,account_reactivation,negative,high,Customer needs account reactivated immediately due to access inability.
"Hi, my card ending in 3847 was stolen and I had to cancel it. Will my Netflix subscription still work or do I need to update it?",lost_stolen_card,neutral,medium,Card ending in XXXX stolen; needs guidance on subscription continuity.
i froze my account because i thought it was compromised but now i cant pay my gym membership. how do i fix this,account_reactivation,negative,medium,Customer needs to unfreeze account to resume payments.
My old card ending in 5621 is being replaced due to fraud. What happens to all my recurring payments like my phone bill and insurance?,charge_dispute,negative,high,Customer needs guidance on recurring payments after fraudulent card replacement.
Do I need to manually update my subscriptions when you send me a new card or does it happen automatically??? This is so confusing,general_inquiry,negative,medium,Customer asking if subscriptions update automatically with new card.
"card ending 2198 - lost it last week, cancelled it immediately. my spotify and hulu still charged me yesterday??? how is that possible",charge_dispute,negative,high,Unauthorized charges after cancelling lost card ending 2198.
"When I get the replacement card, will the numbers be the same or different? Because I have like 5 subscriptions tied to the old one",general_inquiry,neutral,low,Customer asking if replacement card will have same numbers as old card.
I want to pause my card for 30 days but I'm worried about my auto-pay bills. Will those go through or will they get declined?,general_inquiry,neutral,medium,Customer wants to pause card temporarily while maintaining autopay functionality.
My card was compromised so I reported it. Now I'm getting declined on my subscriptions. Do I need to call all those companies or will you handle it?,charge_dispute,negative,high,Card compromised; subscriptions declined after reporting fraud.
hello i close my card account last month and now my electric bill autopay is not working. the bill say card rejected. how can i fix please,account_reactivation,negative,high,Customer needs to reactivate closed card for autopay bill payments.
"so if my card ending in 7734 gets cancelled, do my subscriptions just... stop? or do they keep trying to charge and eventually go to collections?",general_inquiry,neutral,low,Customer asking what happens to subscriptions if card is cancelled.
I froze my account ending in 4412 for security. Can I still use it for my automatic mortgage payment or will that get blocked,account_reactivation,neutral,medium,Customer needs clarification on frozen account functionality for automatic payments.
"Card stolen, had to cancel immediately. Will my health insurance premium still go through on the 15th or do I need to contact them first?",lost_stolen_card,negative,high,Card stolen and cancelled; concerned about insurance premium payment.
My account got locked because of suspicious activity. Does this mean all my subscription services are going to stop working right now?,account_locked,negative,high,Account locked due to suspicious activity; customer concerned about subscription services.
i cancelled the card ending in 9156 because it was compromised but my subscriptions still charge??? can you explain how that works,charge_dispute,negative,high,Unauthorized charges continuing on cancelled compromised card.
"When you reissue my card with a new number, how long does it take before my subscriptions update? Will there be a gap where my services get cancelled?",general_inquiry,neutral,medium,Customer asks about subscription updates after card reissuance timeline.
"Hi I need to know - if I request a replacement card, does my old card number stay active for my recurring charges or does it stop immediately",general_inquiry,neutral,medium,Customer asking about card number status after requesting replacement card.
My debit card ending in 6523 was compromised. I cancelled it but now I'm panicking because I have autopay set up for my student loan. What do I do,account_reactivation,negative,high,Card cancelled; needs to update autopay for student loan payment.
paused my card - will my phone bill autopay still work or will i get charged a late fee??? this is stressing me out,account_reactivation,negative,high,Customer needs clarification on autopay functionality after pausing card.
My previous card ending in 8901 got closed due to inactivity. I just realized I have like 3 subscriptions on file. Do those automatically transfer to my new card?,account_reactivation,neutral,medium,Customer needs clarification on subscription transfers after card reactivation.
card ending 4412 stolen. i cancelled it. when you send the new card how long before my netflix charge goes through again because i dont want to lose access,lost_stolen_card,negative,high,Customer needs new card delivery timeline to maintain Netflix subscription.
"I can't find my card ending in 4412 anywhere. I looked in my car, my house, my wallet... it's just gone. Do I need to report it as stolen or is lost different?",lost_stolen_card,negative,high,Customer cannot locate card ending in 4412 and needs guidance on reporting.
my card missing since yesterday i think maybe i left it at the store but also could be stolen i dont know what to do,lost_stolen_card,negative,high,Customer cannot locate card; possibly lost or stolen since yesterday.
"I think someone might have my card but I'm not 100% sure, like it could just be lost at the gym. Should I cancel it anyway or wait?",lost_stolen_card,negative,high,"Customer uncertain if card is lost or stolen, seeks guidance on cancellation."
"Card ending 7823 - either lost or stolen, honestly not sure which one matters more right now. Just need it shut down ASAP.",lost_stolen_card,negative,high,Customer needs the card ending in XXXX deactivated immediately due to loss or theft.
so my debit card disappeared last week and i'm starting to see charges i don't recognize so NOW I'm thinking it was stolen not just lost? Can you check?,lost_stolen_card,negative,high,Card disappeared; customer reports unrecognized charges and suspects theft.
Is there a difference between reporting a card lost vs stolen for fraud purposes asking because mine ending in 5501 is missing,lost_stolen_card,neutral,high,"Customer reports card ending in XXXX is missing, seeks clarification on lost versus stolen reporting."
Found out my card ending in 8934 was in my car the whole time but someone might have seen it there so maybe it was compromised anyway?,lost_stolen_card,negative,high,"Card ending in 8934 possibly compromised, requests verification and potential replacement."
"I lost my card or someone stole it I genuinely cannot remember which, I had a few drinks last night. Either way I need a new one.",lost_stolen_card,negative,high,Customer needs replacement card due to lost or stolen card.
My husband said he saw my card on the kitchen counter but now it's not there. Did he move it or did someone steal it? I'm confused and want it canceled just in case.,lost_stolen_card,negative,high,"Customer unsure if card is lost or stolen, requests cancellation."
cant locate card ending 2156 since i traveled last week but no fraudulent charges yet so maybe just misplaced it but also what if someone has it,lost_stolen_card,negative,high,"Customer cannot locate card ending 2156, needs assistance finding or replacing it."
The card ending in 6789 went missing and I'm worried it's stolen because there's a small charge I don't remember making. Or is that just my account acting weird?,lost_stolen_card,negative,high,Card ending in 6789 is missing and possibly stolen with unauthorized charge.
Do I call the police if my card is stolen or just the bank? Also it might not be stolen I might have just lost it at Target.,lost_stolen_card,neutral,high,Customer unsure if card is lost or stolen and needs guidance on next steps.
My card 3445 is gone. I think I left it somewhere but my paranoid friend is saying someone definitely stole it from me. What's the protocol here?,lost_stolen_card,negative,high,Customer lost or suspects theft of card ending in 3445.
i need to know if i should report card ending 9012 as lost or stolen someone told me it matters for insurance or something?,lost_stolen_card,neutral,high,Customer unsure whether to report card as lost or stolen for insurance purposes.
Pretty sure my card ending in 7734 was stolen but also it could be lost I'm really not sure. There's like one charge I didn't make. Help??,lost_stolen_card,negative,high,Card ending in 7734 possibly lost or stolen with unauthorized charge.
"My card disappeared last month from my purse and now I'm seeing weird activity so clearly it was stolen not lost but I didn't report it right away, is that a problem?",lost_stolen_card,negative,high,Card stolen with unauthorized charges; needs immediate fraud investigation.
card ending 4401 missing - don't know if lost or stolen but I've been traveling a lot so it could be anywhere. Just tell me what to do.,lost_stolen_card,negative,high,Customer cannot locate card ending in XXXX while traveling.
I can't decide if someone stole my card ending in 5523 or if I just misplaced it somewhere. Should I file a police report or just call you guys?,lost_stolen_card,negative,high,Customer unsure if card ending in XXXX was stolen or lost.
Lost or stolen card 8867 - either way I need it replaced but the situation is I went to the ATM and then it was just gone from my pocket,lost_stolen_card,negative,high,"Card ending in 8867 lost at ATM, needs immediate replacement."
my card ending 2098 i cannot find it and i dont know i report to you first or police first or what happens with my money if someone use it already,lost_stolen_card,negative,high,Customer lost card ending in 2098 and worried about unauthorized use.
Can I keep my same card number when you send me a replacement? The card ending in 3847 is about to expire and I really don't want to update all my subscriptions,general_inquiry,neutral,low,Customer asks if replacement card can keep same number to avoid updating subscriptions.
do i have to get a new number or can it stay the same,lost_stolen_card,neutral,medium,Customer asking if card number changes after replacement.
"Hi, my card got damaged and I need a replacement but honestly I'm worried about having to change my card number everywhere. Is that necessary?",general_inquiry,neutral,low,Customer asks if card number changes when requesting damaged card replacement.
"The card ending in 5021 expires next month. When I get the new one, will the number be different? This is going to be such a pain if it is",general_inquiry,negative,low,Customer asking if replacement card will have a different number.
i lost my card ending in 7634 yesterday and need emergency replacement but i cannot update 15 different recurring charges right now can you please keep the same number,lost_stolen_card,negative,high,"Customer lost card ending in 7634, needs emergency replacement with same number."
Question about replacement cards - do the new ones always have different numbers or can the issuer reissue with the same number? Asking for a friend but also for myself,general_inquiry,neutral,low,Customer asking whether replacement cards receive new or existing card numbers.
My card ending in 2198 was compromised and I need a new one ASAP. Will the replacement have a new number? I have like 20 subscriptions tied to this card,lost_stolen_card,negative,high,Customer needs replacement card for compromised card ending in 2198.
Can the new card ending in 8945 have the same number when it arrives or am I stuck with a whole new number to deal with,general_inquiry,neutral,low,Customer asks if replacement card can have same number as original.
Is there any way to keep your existing card number when you get a replacement sent to you or does it always change? Asking because my current card ending in 4412 is expiring soon,general_inquiry,neutral,low,Customer asking if card number stays same when replacement card is issued.
"hello my card is damage, i need new card same number possible please help",general_inquiry,neutral,medium,"Customer requests replacement card due to damage, wants same number."
"The card ending in 6159 got stolen last week and I filed a dispute but now I'm wondering - when you send me the replacement, does it have to be a completely new number or can I request to keep it the same?",lost_stolen_card,neutral,medium,Customer asks if replacement card can retain same number after theft.
FRUSTRATED because my card was compromised and now I have to replace it but if the number changes I'm going to lose my mind. Can you PLEASE just reissue the same number on the card ending in 9203?,lost_stolen_card,negative,high,Customer needs card ending in 9203 reissued with same number after compromise.
Hey so my card ending in 5847 is damaged and I need to replace it. Quick question - new number or same number? What's the process here?,general_inquiry,neutral,low,Customer asks about replacement process for damaged card and new number.
i want replacement card for ending in 3361 but same number ok so confusing,lost_stolen_card,negative,medium,Customer requests replacement card with same number for card ending in 3361.
My card ending in 7744 needs to be replaced but I have so many autopay things set up. Is there ANY possibility that the replacement card could have the same card number or is that not how it works?,account_reactivation,neutral,medium,Customer seeks replacement card with same number to maintain autopay arrangements.
Can I upgrade my card to a premium version while keeping the same card number? The card ending in 1556 is getting old and I want a metal card but I don't want a new number if possible,general_inquiry,neutral,low,Customer wants to upgrade the card ending in XXXX to premium metal version.
The card ending in 4829 got wet and wont work anymore. Do replacement cards always have different numbers because if so that's really inconvenient and I think you should be able to keep the same number,lost_stolen_card,negative,high,"Card ending in 4829 damaged and non-functional, requests replacement with same number."
"Hi support team, the card ending in 2873 is expiring in 3 months. When the replacement arrives will I need to update my card number for all my bills and subscriptions or will it stay the same? Please advise",general_inquiry,neutral,low,Asking if replacement card will have same number as expiring card ending in 2873.
lost card ending in 6412 need new one but dont want new number what do i do,lost_stolen_card,negative,high,"Customer lost card ending in 6412, wants replacement without number change."
Is it possible to get a replacement card without changing the card number? My card ending in 8834 is damaged and I have recurring charges everywhere. Seems like something you should be able to do in 2024,general_inquiry,negative,medium,Customer asks if replacement card can keep same number to avoid disrupting recurring charges.
Hi I lost my card ending in 4412 and need a new one ASAP can you send it overnight,lost_stolen_card,negative,high,Customer lost card ending in XXXX and requests overnight replacement.
my card got stolen should i close the account or just get a replacement,lost_stolen_card,negative,high,Customer needs guidance on replacing stolen card or closing account.
Lost card. What do I do?,lost_stolen_card,negative,high,Customer needs assistance after losing their card.
I cannot find my debit card ending in 7823 anywhere. Do I need to open a completely new account or can you just send me another card to the same account?,lost_stolen_card,neutral,high,"Customer cannot find debit card ending in 7823, needs replacement card."
card missing need help urgently,lost_stolen_card,negative,high,Customer reports missing card and needs immediate assistance.
"So my card is gone and I'm not sure if I should like, start over with a new account or if you guys can just mail me a new card to my address on file? Also how long does that take",lost_stolen_card,neutral,high,"Customer lost card, requesting replacement card and timeline for delivery."
"My card ending in 2156 is lost or stolen, I'm not sure which at this point. Should I open new account with new number or you can issue replacement card on existing account? Please advise.",lost_stolen_card,neutral,high,"Customer reports card ending in 2156 lost or stolen, needs replacement guidance."
i lost my card ending in 5634 - do i need new account,lost_stolen_card,negative,high,Customer lost card ending in 5634 and needs replacement.
"Hello, I misplaced my card last week. Can you please advise on whether I should request a replacement card or if I need to close this account and open a new one? My card ends in 9201.",lost_stolen_card,neutral,high,"Customer lost card ending in 9201, needs guidance on replacement or account closure."
card got stolen. new account or replacement?,lost_stolen_card,negative,high,Customer's card was stolen; needs replacement or new account.
"My debit card ending in 3847 has been lost for about 3 days now and I'm worried about fraud but also I'm wondering if this is a good time to just start fresh with a new account instead of getting a replacement, what would you recommend",lost_stolen_card,negative,high,"Customer lost debit card ending in 3847 three days ago, concerned about fraud."
I lost the card ending in 6512 and want to know if getting a replacement card is better than closing account and starting new account please let me know,lost_stolen_card,neutral,high,Customer lost card ending in 6512 and wants replacement options.
Lost card ending 1094. Replacement or new account?,lost_stolen_card,neutral,high,Customer lost card ending in 1094 and needs replacement options.
Hi I lost my card can you send me a new one or do I have to make a new account,lost_stolen_card,neutral,high,Customer lost card and needs replacement or account guidance.
My card ending in 8765 got lost somewhere. I need to know - is it better to just get a new card sent out or should I be closing this account and opening a fresh one due to security reasons?,lost_stolen_card,negative,high,Customer lost card ending in 8765 and needs guidance on replacement versus account closure.
"lost card ending in 4429, confused about whether i need replacement or new account, also what fees apply for either option?",lost_stolen_card,neutral,high,Customer lost card ending in 4429 and needs replacement guidance and fee information.
"I cannot locate my card ending in 7341 anywhere. My question is: should I go ahead and open a new account with a new card number for security, or can your team simply issue me a replacement card for my current account? Which one is more safer?",lost_stolen_card,neutral,high,Customer cannot locate card ending in 7341 and needs replacement guidance.
card missing (ending 5508) - replace or start over with new acct,lost_stolen_card,negative,high,"Customer reports missing card ending in 5508, requests replacement or new account."
My card ending in 2903 is lost and I'm not sure what the best course of action is. Do I request a replacement card or would it be smarter to just close everything and open a brand new account? Please explain the differences because I'm confused.,lost_stolen_card,neutral,high,Customer lost card ending in 2903 and needs guidance on replacement versus account closure.
lost card ending 6847 need new card asap,lost_stolen_card,negative,high,Customer needs replacement for lost card ending in 6847 urgently.
I just got a new card because my old one was compromised and now I have to update like 15 different subscriptions?? This is ridiculous,charge_dispute,negative,medium,Customer frustrated about updating subscriptions after compromised card replacement.
Why do I have to manually update every single subscription when you issue a new card. Can't you just transfer them automatically?,general_inquiry,negative,low,Customer asks why subscriptions aren't automatically transferred to new card.
"New card ending in 7823 arrived yesterday. Now Netflix, Spotify, my gym membership, insurance payment - all declined. This is so frustrating.",account_reactivation,negative,high,New card ending in 7823 causing multiple recurring charges to decline.
i got replacement card and now nothing works. had to call 6 different companies to update payment info. very inconvenient please fix,account_reactivation,negative,medium,Replacement card not working after updating payment information.
Just received new card after fraud alert. Now I'm spending hours updating subscriptions. Is there a way to do this all at once through your system?,general_inquiry,negative,low,Customer seeks efficient way to update subscriptions after receiving replacement card.
The new card you sent me is great but I'm SO frustrated about having to re-link every subscription I have. My electric bill is now past due.,general_inquiry,negative,medium,Customer frustrated about relinking subscriptions after receiving new card.
Got my replacement card (ending in 2954) but now all my recurring payments are failing and I have to contact each company individually. There has to be a better way.,general_inquiry,negative,medium,Customer needs help updating recurring payments after card replacement.
Can you please explain why I need to update my card info for every subscription when I get a new card? Other banks don't seem to make this so complicated.,general_inquiry,negative,low,Customer questions why subscription card updates are required for new cards.
"New card arrived but now Amazon, Hulu, DoorDash, insurance all rejected. Why cant the card company just update this automatically with merchants?",account_reactivation,negative,high,New card rejected by multiple merchants; needs activation or merchant updates.
"I had to cancel and re-setup my autopay for my mortgage, car payment, and HOA fee because of the new card. This process is outdated and frustrating.",general_inquiry,negative,low,Customer frustrated with outdated autopay setup process after card change.
been a customer for 8 years and this new card situation is the worst experience ive had. had to go through my email to find every subscription. took 3 hours,account_reactivation,negative,medium,"Customer frustrated after receiving new card, spent hours updating subscriptions."
New card ending in 5601 - why do I have to remember every subscription I have and update them all manually? Can't you coordinate with the merchants?,general_inquiry,negative,low,Customer frustrated about manually updating subscriptions after receiving new card.
So I got a new card because mine was compromised but now Netflix wont work and my gym membership auto-pay failed and my phone bill is pending and I'm so mad right now,account_reactivation,negative,high,New card not working with recurring merchant subscriptions.
Is it normal to have to update card for every subscription? I have like 20 subscriptions and it's taking forever. New card is 3847.,general_inquiry,negative,low,Customer asking if updating card number for multiple subscriptions is normal.
The inconvenience of re-linking subscriptions when getting a new card is unacceptable in 2024. Please implement a solution where recurring charges transfer automatically.,general_inquiry,negative,low,Customer requests automatic subscription transfer for new cards.
i dont understand why i need to update my card at every company when i get new card from you. can you not tell them,general_inquiry,negative,low,Customer questions why merchants aren't notified when card is replaced.
Just got new card after someone used my old one and now I'm calling companies to update payment info. Why isn't there an automatic system for this?,lost_stolen_card,neutral,medium,Customer received replacement card after fraud and needs payment update guidance.
My replacement card works fine but I'm frustrated because now I have to track down every subscription I forgot about. Found three I didn't even remember having.,general_inquiry,negative,low,Customer frustrated about tracking subscriptions after card replacement.
"New card 1245 here and frustrated - my Uber account, Instacart, gym membership subscriptions all stopped working same day. This needs to be easier.",account_reactivation,negative,high,Multiple subscriptions stopped working with new card ending in 1245.
Can you push a software update to automatically transfer recurring charges to new card numbers like other financial institutions do? This manual process is ridiculous.,general_inquiry,negative,low,Customer requests automatic recurring charge transfer feature for new cards.
